{"assets/bg.png":["assets/bg.png"],"assets/fonts/Comfortaa.ttf":["assets/fonts/Comfortaa.ttf"],"assets/icons/food/adventure.png":["assets/icons/food/adventure.png"],"assets/icons/food/atkBoost.png":["assets/icons/food/atkBoost.png"],"assets/icons/food/atkCritBoost.png":["assets/icons/food/atkCritBoost.png"],"assets/icons/food/defBoost.png":["assets/icons/food/defBoost.png"],"assets/icons/food/recoveryHP.png":["assets/icons/food/recoveryHP.png"],"assets/icons/food/recoveryHPAll.png":["assets/icons/food/recoveryHPAll.png"],"assets/icons/food/revive.png":["assets/icons/food/revive.png"],"assets/icons/food/special.png":["assets/icons/food/special.png"],"assets/icons/food/staminaIncrease.png":["assets/icons/food/staminaIncrease.png"],"assets/icons/food/staminaReduction.png":["assets/icons/food/staminaReduction.png"],"assets/icons/rarity/Item_1_Star.png":["assets/icons/rarity/Item_1_Star.png"],"assets/icons/rarity/Item_2_Star.png":["assets/icons/rarity/Item_2_Star.png"],"assets/icons/rarity/Item_3_Star.png":["assets/icons/rarity/Item_3_Star.png"],"assets/icons/rarity/Item_4_Star.png":["assets/icons/rarity/Item_4_Star.png"],"assets/icons/rarity/Item_5_Star.png":["assets/icons/rarity/Item_5_Star.png"],"packages/cupertino_icons/assets/CupertinoIcons.ttf":["packages/cupertino_icons/assets/CupertinoIcons.ttf"]}