{"assets/fonts/Bahnschrift.ttf":["assets/fonts/Bahnschrift.ttf"],"assets/fonts/Comfortaa.ttf":["assets/fonts/Comfortaa.ttf"],"assets/image/backgrounds/anemo.gif":["assets/image/backgrounds/anemo.gif"],"assets/image/backgrounds/cryo.gif":["assets/image/backgrounds/cryo.gif"],"assets/image/backgrounds/dendro.gif":["assets/image/backgrounds/dendro.gif"],"assets/image/backgrounds/electro.gif":["assets/image/backgrounds/electro.gif"],"assets/image/backgrounds/geo.gif":["assets/image/backgrounds/geo.gif"],"assets/image/backgrounds/hydro.gif":["assets/image/backgrounds/hydro.gif"],"assets/image/backgrounds/pyro.gif":["assets/image/backgrounds/pyro.gif"],"assets/image/element/anemo.png":["assets/image/element/anemo.png"],"assets/image/element/cryo.png":["assets/image/element/cryo.png"],"assets/image/element/dendro.png":["assets/image/element/dendro.png"],"assets/image/element/electro.png":["assets/image/element/electro.png"],"assets/image/element/geo.png":["assets/image/element/geo.png"],"assets/image/element/hydro.png":["assets/image/element/hydro.png"],"assets/image/element/pyro.png":["assets/image/element/pyro.png"],"assets/image/icons/app_icon.png":["assets/image/icons/app_icon.png"],"assets/image/icons/app_icon_40px.png":["assets/image/icons/app_icon_40px.png"],"assets/image/icons/companion_xp.png":["assets/image/icons/companion_xp.png"],"assets/image/icons/icon_indoor_set.png":["assets/image/icons/icon_indoor_set.png","assets/image/icons/2.0x/icon_indoor_set.png","assets/image/icons/3.0x/icon_indoor_set.png"],"assets/image/icons/icon_outdoor_set.png":["assets/image/icons/icon_outdoor_set.png","assets/image/icons/2.0x/icon_outdoor_set.png","assets/image/icons/3.0x/icon_outdoor_set.png"],"assets/image/icons/menu_envisaged_echoes.webp":["assets/image/icons/menu_envisaged_echoes.webp"],"assets/image/icons/menu_icon_achievements.webp":["assets/image/icons/menu_icon_achievements.webp"],"assets/image/icons/menu_icon_archive.webp":["assets/image/icons/menu_icon_archive.webp"],"assets/image/icons/menu_icon_artifacts.png":["assets/image/icons/menu_icon_artifacts.png"],"assets/image/icons/menu_icon_bag.png":["assets/image/icons/menu_icon_bag.png"],"assets/image/icons/menu_icon_book.webp":["assets/image/icons/menu_icon_book.webp"],"assets/image/icons/menu_icon_characters.png":["assets/image/icons/menu_icon_characters.png"],"assets/image/icons/menu_icon_event.webp":["assets/image/icons/menu_icon_event.webp"],"assets/image/icons/menu_icon_feedback.webp":["assets/image/icons/menu_icon_feedback.webp"],"assets/image/icons/menu_icon_map.webp":["assets/image/icons/menu_icon_map.webp"],"assets/image/icons/menu_icon_materials.png":["assets/image/icons/menu_icon_materials.png"],"assets/image/icons/menu_icon_quest.png":["assets/image/icons/menu_icon_quest.png"],"assets/image/icons/menu_icon_recipes.png":["assets/image/icons/menu_icon_recipes.png"],"assets/image/icons/menu_icon_reputation.png":["assets/image/icons/menu_icon_reputation.png"],"assets/image/icons/menu_icon_serenitea_sets.png":["assets/image/icons/menu_icon_serenitea_sets.png"],"assets/image/icons/menu_icon_weapons.png":["assets/image/icons/menu_icon_weapons.png"],"assets/image/icons/menu_icon_wish.png":["assets/image/icons/menu_icon_wish.png"],"assets/image/icons/missing_icon.png":["assets/image/icons/missing_icon.png"],"assets/image/icons/primogem.png":["assets/image/icons/primogem.png","assets/image/icons/2.0x/primogem.png","assets/image/icons/3.0x/primogem.png"],"assets/image/illustrations/empty.webp":["assets/image/illustrations/empty.webp"],"assets/image/illustrations/fischl.webp":["assets/image/illustrations/fischl.webp"],"assets/image/illustrations/spincrystal.png":["assets/image/illustrations/spincrystal.png"],"assets/image/rarity/Item_1_Star.png":["assets/image/rarity/Item_1_Star.png"],"assets/image/rarity/Item_2_Star.png":["assets/image/rarity/Item_2_Star.png"],"assets/image/rarity/Item_3_Star.png":["assets/image/rarity/Item_3_Star.png"],"assets/image/rarity/Item_4_Star.png":["assets/image/rarity/Item_4_Star.png"],"assets/image/rarity/Item_5_Star.png":["assets/image/rarity/Item_5_Star.png"],"assets/image/recipe_buff/adventure.png":["assets/image/recipe_buff/adventure.png"],"assets/image/recipe_buff/atkBoost.png":["assets/image/recipe_buff/atkBoost.png"],"assets/image/recipe_buff/atkCritBoost.png":["assets/image/recipe_buff/atkCritBoost.png"],"assets/image/recipe_buff/defBoost.png":["assets/image/recipe_buff/defBoost.png"],"assets/image/recipe_buff/recoveryHP.png":["assets/image/recipe_buff/recoveryHP.png"],"assets/image/recipe_buff/recoveryHPAll.png":["assets/image/recipe_buff/recoveryHPAll.png"],"assets/image/recipe_buff/revive.png":["assets/image/recipe_buff/revive.png"],"assets/image/recipe_buff/special.png":["assets/image/recipe_buff/special.png"],"assets/image/recipe_buff/staminaIncrease.png":["assets/image/recipe_buff/staminaIncrease.png"],"assets/image/recipe_buff/staminaReduction.png":["assets/image/recipe_buff/staminaReduction.png"],"assets/image/regions/Fontaine.png":["assets/image/regions/Fontaine.png"],"assets/image/regions/Inazuma.png":["assets/image/regions/Inazuma.png"],"assets/image/regions/Liyue.png":["assets/image/regions/Liyue.png"],"assets/image/regions/Mondstadt.png":["assets/image/regions/Mondstadt.png"],"assets/image/regions/Natlan.png":["assets/image/regions/Natlan.png"],"assets/image/regions/Sumeru.png":["assets/image/regions/Sumeru.png"],"assets/image/regions/Unknown.png":["assets/image/regions/Unknown.png"],"assets/image/weapon_stat/atk.png":["assets/image/weapon_stat/atk.png"],"assets/image/weapon_stat/atkPercent.png":["assets/image/weapon_stat/atkPercent.png"],"assets/image/weapon_stat/critDmg.png":["assets/image/weapon_stat/critDmg.png"],"assets/image/weapon_stat/critRate.png":["assets/image/weapon_stat/critRate.png"],"assets/image/weapon_stat/def.png":["assets/image/weapon_stat/def.png"],"assets/image/weapon_stat/defPercent.png":["assets/image/weapon_stat/defPercent.png"],"assets/image/weapon_stat/elementalMastery.png":["assets/image/weapon_stat/elementalMastery.png"],"assets/image/weapon_stat/energyRecharge.png":["assets/image/weapon_stat/energyRecharge.png"],"assets/image/weapon_stat/healing.png":["assets/image/weapon_stat/healing.png"],"assets/image/weapon_stat/hp.png":["assets/image/weapon_stat/hp.png"],"assets/image/weapon_stat/hpPercent.png":["assets/image/weapon_stat/hpPercent.png"],"assets/image/weapon_stat/physicalDmg.png":["assets/image/weapon_stat/physicalDmg.png"],"assets/image/weapon_type/bow.png":["assets/image/weapon_type/bow.png"],"assets/image/weapon_type/catalyst.png":["assets/image/weapon_type/catalyst.png"],"assets/image/weapon_type/claymore.png":["assets/image/weapon_type/claymore.png"],"assets/image/weapon_type/polearm.png":["assets/image/weapon_type/polearm.png"],"assets/image/weapon_type/sword.png":["assets/image/weapon_type/sword.png"],"assets/lang/en.json":["assets/lang/en.json"],"packages/cupertino_icons/assets/CupertinoIcons.ttf":["packages/cupertino_icons/assets/CupertinoIcons.ttf"]}